Lista 2024 - China Contados,,,,,,,,,,,,Lista 2024 - China y Italia No Contados,,,,,,,Lista 2024 - Otros,,,,,
,,,,,,,,,,,,,,,,,,,,,,,,
Fecha de Llegada,Fabricas,Codigo,Cantidad Pedidos,Cantidad Recibidos,Cantidad de Sacos,,Ratio R/P,Fabricas,Pedidos por Fabricas,Ratio R/P por Fabricas,,Fecha de Llegada,Fabrica,Codigo,Cantidad Pedidos,Cantidad Llegados,Cantidad de Sacos,,Fecha de Llegada,Fabrica,Codigo,Cantidad Pedidos,Cantidad Llegados,Cantidad de Sacos
,,,,,,,,,,,,,,,,,,,,,,,,
2024-01-23,유화78,23907#,301,301,15,,"0,00%",유화78,1.215,"0,00%",,2024-02-14,SOFIA,Genuine Leather Bag,,80,2,,2024-12-06,유화시장,속옷옷걸이,20,20,1
2024-01-23,패딩집,23946#,390,336,14,,"13,85%",패딩집,2.521,"4,65%",,2024-02-14,ANTONIO,Genuine Leather Bag,,90,1,,2024-12-06,,옷걸이 1,20,20,
2024-01-23,패딩집,23947#,419,390,21,,"6,92%",판위왕,48.463,"4,21%",,2024-02-14,ANTONIO,Genuine Leather Bag,,30,1,,2024-12-06,,옷걸이2,20,20,
2024-01-23,패딩집,23948#,300,290,12,,"3,33%",푸리05,410,"1,22%",,2024-02-14,DI WU CHUI,Genuine Leather Bag,,160,3,,2024-12-06,,미끄럼방지용고무,40,40,
2024-01-23,패딩집,23949#,300,290,12,,"3,33%",이우,33.400,"0,18%",,2024-02-14,DI LU YIZUANG,Genuine Leather Bag,,70,1,,2024-12-06,,바지걸이,50,50,
2024-01-23,패딩집,23950#,304,300,10,,"1,32%",커춘,27.868,"5,26%",,2024-02-14,DI JIN SHUQUIN,Genuine Leather Bag,,100,3,,2024-12-06,,행거,1,1,2
2024-01-23,판위왕,23954#,500,500,11,,"0,00%",D70,16.835,"5,18%",,2024-02-14,LUCIA,Genuine Leather Bag,,63,1,,2024-12-06,인터넷,야외전등,10,10,1
2024-01-23,판위왕,23960#,341,300,10,,"12,02%",신대지536,4.407,"6,83%",,2024-02-14,DAVID,Genuine Leather Bag,,50,3,,2024-12-06,,주방용랩,12,12,3
2024-01-23,판위왕,23961#,560,524,9,,"6,43%",해주공장,17.082,"5,37%",,2024-02-14,DAVID,Genuine Leather Bag,,30,2,,2024-12-06,,벽지장식품,1,1,1
2024-01-23,판위왕,23970#,400,398,4,,"0,50%",테프,675,"-0,59%",,2024-02-14,DI HU CONGXIN,Genuine Leather Bag,,100,2,,2024-12-06,,식탁전등,4,4,1
2024-01-23,판위왕,22986#,561,500,5,,"10,87%",판위팡,9.768,"6,39%",,2024-02-14,ANGELINA,Genuine Leather Bag,,70,2,,2024-12-06,,거울,4,4,1
2024-01-23,판위왕,23943#,477,450,12,,"5,66%",샌대지498,200,"0,00%",,2024-02-14,SOFIA / Di Hu Suiying,Genuine Leather Bag,,14,1,,2024-12-06,,바구니,4,4,1
2024-01-23,푸리05,23974#,410,405,21,,"1,22%",null,25.670,"1,17%",,2024-02-14,SOFIA / Di Hu Suiying,Genuine Leather Bag,,9,1,,2024-12-06,,고양이터,1,1,3
2024-01-23,이우,101#,450,450,6,,"0,00%",유화A2-1,830,"0,00%",,2024-02-14,SOFIA / Di Hu Suiying,Genuine Leather Bag,,10,1,,2024-12-06,,고양이터,1,1,1
2024-01-23,이우,808-1#,1.320,1.320,9,,"0,00%",유화117,400,"0,00%",,2024-02-14,K2,7273#,,138,3,,2024-12-06,,고양이터,1,1,1
2024-03-24,유화78,23976#,514,514,26,,"0,00%",잉그,3.100,"4,09%",,2024-02-14,mAGLIFICIO ARTICO,731#,,100,2,,2024-12-06,가죽가구집,소파,1,1,4
2024-03-24,판위왕,23975#,372,330,17,,"11,29%",YA,7.296,"4,73%",,2024-02-14,mAGLIFICIO ARTICO,711#,,125,2,,2024-12-06,,겨자소파,1,1,2
2024-03-24,판위왕,23980#,320,311,6,,"2,81%",신대지180,15.617,"0,03%",,2024-02-14,mAGLIFICIO ARTICO,712#,,123,2,,2024-12-06,,녹색소파,1,1,1
2024-03-24,판위왕,23644#,321,310,10,,"3,43%",뜨게집A11-3,1.705,"5,05%",,2024-02-14,CLOVER & CO,22707#,,197,7,,2024-12-06,,오렌지테블,1,1,2
2024-03-24,판위왕,22947#,333,300,7,,"9,91%",청바지집,1.186,"7,34%",,2024-02-14,YOmI / Sofia,9626-SIN,,46,2,,2024-12-06,,흰색테블,1,1,1
2024-03-24,판위왕,24301#,427,400,12,,"6,32%",9248,11.090,"0,00%",,2024-02-14,YOmI / Sofia,9626-CON,,55,2,,2024-12-06,,검정테블,1,1,1
2024-03-24,판위왕,24304#,300,298,10,,"0,67%",파티집,2.569,"1,20%",,2024-02-14,mIYA,C202011A,,36,1,,2024-12-06,,소파,1,1,1
2024-03-24,판위왕,23970#,400,288,10,,"28,00%",신대지168,1.607,"3,74%",,2024-02-14,mIYA,C100241,,55,2,,2024-12-06,,벽돌색소파,1,1,1
2024-03-24,커춘,24306#,574,540,16,,"5,92%",지하A36-2,319,"0,00%",,2024-02-14,mIYA,m0028,,3,0,,2024-12-06,,긴 소파,1,1,1
2024-03-24,커춘,22017#,500,500,21,,"0,00%",지하78-2,653,"7,91%",,2024-02-14,FLORA SRL,5996#,,9,1,,2024-12-06,,의자,2,2,2
2024-03-24,D70,23926#,722,650,14,,"9,97%",뜨게집,1.978,"6,48%",,2024-02-14,FLORA SRL,5536#,,13,1,,2024-12-06,,현관테블,1,1,1
2024-03-24,신대지536,21164#,1045,950,11,,"9,09%",지하A11,1.893,"2,77%",,2024-02-14,FLORA SRL,5595#,,8,1,,2024-12-06,,침대,2,2,8
2024-03-24,해주공장,2083#,992,993,17,,"-0,10%",지하D117,503,"3,98%",,2024-02-14,JAmES mODA(COTTON),18041#,,181,2,,2024-12-06,나무가구집,나무테블,1,1,1
2024-04-05,이우,3342#,520,520,2,,"0,00%",따랑여자집,979,"2,19%",,2024-02-14,JAmES mODA(COTTON),18042#,,251,2,,2024-12-06,,나무의자,8,8,8
2024-04-05,이우,166#,1.080,1.080,7,,"0,00%",따랑남자집,1.436,"1,62%",,2024-02-14,ANGELA,Genuine Leather Bag,,80,6,,2024-12-06,,나무테블,1,1,2
2024-04-05,이우,2301#,800,800,4,,"0,00%",따랑63호,702,"0,76%",,,,,,,,,2024-12-06,,나무의자,1,1,1
2024-04-05,이우,555#,300,300,2,,"0,00%",따랑43호,379,"5,01%",,2024-07-01,magic Fashion S.R.L,24059,,216,3,,2024-12-06,,서랍장,1,1,1
2024-04-05,이우,8287#,600,600,3,,"0,00%",3-37#,140,"0,00%",,2024-07-01,m & R SRL,H8197-Z,,25,3,,2024-12-06,,현관테블,1,1,1
2024-04-05,이우,8285#,600,600,3,,"0,00%",2-27#,194,"2,07%",,2024-07-01,m & R SRL,H8214-Z,,25,,,2024-12-06,야외가구,야외소파,1,1,9
2024-04-05,이우,8281#,600,600,3,,"0,00%",SH,180,"0,00%",,2024-07-01,m & R SRL,H8238-Z,,25,,,2024-12-06,,야외테블세트,1,1,6
2024-04-05,이우,8280#,580,580,3,,"0,00%",32680,5.500,"0,00%",,2024-07-01,m & R SRL,H8296-Z,,25,,,2024-12-06,,야외테블세트,1,1,5
2024-04-05,이우,808-2#,1.100,1.100,8,,"0,00%",32724,20.300,"0,00%",,2024-07-01,m & R SRL,H8158,,20,,,2024-12-06,,야외의자,1,1,3
2024-04-05,이우,B01#,800,800,2,,"0,00%",32766,3.040,"0,00%",,2024-07-01,micok di Lin Cheng,631,,50,2,,2024-12-06,,수영장의자,2,2,2
2024-04-05,판위왕,23524#,430,430,9,,"0,00%",FT,510,"0,00%",,2024-07-01,micok di Lin Cheng,YZ04,,30,,,2024-12-06,,수영장테블,1,1,2
2024-04-05,판위왕,24305#,428,428,8,,"0,00%",지하83-1A,2.517,"2,47%",,2024-07-01,micok di Lin Cheng,2502,,20,,,2024-12-06,카페트집,2*2.9카페트,3,3,3
2024-04-05,해주공장,23952#,904,840,15,,"7,08%",시골집,3.250,"4,92%",,2024-07-01,micok di Lin Cheng,636,,20,,,2024-12-06,,3*4카페트,2,2,2
2024-04-05,해주공장,23940#,742,600,6,,"19,14%",지하A55,2.024,"4,42%",,2024-07-01,micok di Lin Cheng,851,,46,,,2024-12-06,커텐집,커텐,17,17,7
2024-04-05,해주공장,104-1#,1.900,1.885,31,,"0,79%",시골공장,1.463,"6,54%",,2024-07-01,micok di Lin Cheng,82439,,20,,,,,,,,
2024-04-05,유화78,B319-2#,400,400,16,,"0,00%",따랑43,400,"3,00%",,2024-07-01,Ohlala Pronto moda,8191,,90,5,,,,,,,
2024-04-05,커춘,24307#,500,481,10,,"3,80%",신대지530,1.049,"4,46%",,2024-07-01,Ohlala Pronto moda,8237,,170,,,,,,,,
2024-04-05,커춘,23973#,529,520,21,,"1,70%",지하78-1A,2.140,"2,63%",,2024-07-01,Ohlala Pronto moda,8195,,80,,,,,,,,94
2024-04-05,테프,null,675,679,15,,"-0,59%",지하A88-2,311,"0,00%",,2024-07-01,Ohlala Pronto moda,8270,,78,,,,,,,,
2024-04-26,해주공장,22151#,700,689,9,,"1,57%",,,,,2024-07-01,Ohlala Pronto moda,81953,,40,,,,,,,,
2024-04-26,해주공장,23915#,366,300,12,,"18,03%",,,"7,91%",,2024-07-01,Ohlala Pronto moda,15150,,70,,,,,,,,
2024-04-26,커춘,23973#,540,514,20,,"4,81%",,,"-0,59%",,2024-07-01,Ohlala Pronto moda,16008,,70,2,,,,,,,
2024-04-26,커춘,24316#,500,446,13,,"10,80%",,,,,2024-07-01,Ohlala Pronto moda,17102,,60,,,,,,,,
2024-04-26,커춘,24317#,513,500,15,,"2,53%",,,,,2024-07-01,Cos moda,12786,,120,21,,,,,,,
2024-04-26,커춘,24309#,500,497,17,,"0,60%",,,,,2024-07-01,Cos moda,14003,,108,,,,,,,,
2024-04-26,판위팡,24308#,781,765,8,,"2,05%",,,,,2024-07-01,Cos moda,20048,,119,,,,,,,,
2024-04-26,판위왕,23933#,437,400,14,,"8,47%",,,,,2024-07-01,Cos moda,14014,,60,,,,,,,,
2024-04-26,판위왕,24310#,435,400,11,,"8,05%",,,,,2024-07-01,Cos moda,12217,,79,,,,,,,,
2024-04-26,판위왕,24313#,600,585,8,,"2,50%",,,,,2024-07-01,Cos moda,12555,,100,,,,,,,,
2024-04-26,판위왕,24314#,500,444,6,,"11,20%",,,,,2024-07-01,Cos moda,116581,,117,,,,,,,,
2024-04-26,판위왕,24315#,930,888,9,,"4,52%",,,,,2024-07-01,Cos moda,13897,,146,,,,,,,,
2024-05-23,판위왕,23978#,499,490,10,,"1,80%",,,,,2024-07-01,Cos moda,11658A,,136,,,,,,,,
2024-05-23,판위왕,23979#,452,450,6,,"0,44%",,,,,2024-07-01,Cos moda,13719,,88,,,,,,,,
2024-05-23,판위왕,22211#,321,300,6,,"6,54%",,,,,2024-07-01,Cos moda,142161,,99,18,,,,,,,
2024-05-23,판위왕,23634#,444,400,7,,"9,91%",,,,,2024-07-01,Cos moda,141001,,96,,,,,,,,
2024-05-23,판위왕,23642#,438,400,7,,"8,68%",,,,,2024-07-01,Cos moda,14185,,84,,,,,,,,
2024-05-23,판위왕,22980#,532,500,4,,"6,02%",,,,,2024-07-01,Cos moda,14192,,161,,,,,,,,
2024-05-23,해주공장,24311#,933,900,10,,"3,54%",,,,,2024-07-01,Cos moda,14187,,120,,,,,,,,
2024-05-23,해주공장,24312#,608,600,5,,"1,32%",,,,,2024-07-01,Cos moda,14052A,,87,,,,,,,,
2024-05-23,커춘,24318#,512,510,17,,"0,39%",,,,,2024-07-01,Cos moda,13984,,140,,,,,,,,
2024-05-23,커춘,24319#,522,510,17,,"2,30%",,,,,2024-07-01,Cos moda,13861,,98,,,,,,,,
2024-05-23,커춘,24517#,494,490,17,,"0,81%",,,,,2024-07-01,Cos moda,12906,,77,,,,,,,,
2024-05-23,커춘,24520#,546,500,4,,"8,42%",,,,,2024-07-01,Cos moda,14265,,96,,,,,,,,
2024-05-23,커춘,24521#,471,420,16,,"10,83%",,,,,2024-07-01,Cos moda,13137,,119,,,,,,,,
2024-05-23,D70,24518#,329,300,7,,"8,81%",,,,,2024-07-01,Cos moda,11658A,,60,,,,,,,,
2024-05-23,D70,24519#,508,500,17,,"1,57%",,,,,2024-07-01,miss Cocco S.R.L,7075,,94,11,,,,,,,
2024-05-23,D70,24320#,305,300,5,,"1,64%",,,,,2024-07-01,miss Cocco S.R.L,6717,,90,,,,,,,,
2024-05-23,D70,24321#,640,600,10,,"6,25%",,,,,2024-07-01,miss Cocco S.R.L,7584,,105,,,,,,,,
2024-05-23,샌대지498,24501#,200,200,4,,"0,00%",,,,,2024-07-01,miss Cocco S.R.L,7455,,103,,,,,,,,
2024-06-17,null,SL001#,360,360,3,,"0,00%",,,,,2024-07-01,miss Cocco S.R.L,6293,,102,,,,,,,,
2024-06-17,null,SL001# GOLD/SILVER,240,240,,,"0,00%",,,,,2024-07-01,miss Cocco S.R.L,6918,,99,,,,,,,,
2024-06-17,null,SL002#,360,360,2,,"0,00%",,,,,2024-07-01,miss Cocco S.R.L,7681,,60,,,,,,,,
2024-06-17,null,SL002# GOLD/SILVER,240,240,,,"0,00%",,,,,2024-07-01,miss Cocco S.R.L,1440,,99,,,,,,,,
2024-06-17,null,SL003#,360,360,2,,"0,00%",,,,,2024-07-01,miss Cocco S.R.L,7446,,99,,,,,,,,
2024-06-17,null,SL003# GOLD/SILVER,240,240,,,"0,00%",,,,,2024-07-01,miss Cocco S.R.L,6947-1,,92,,,,,,,,
2024-06-17,null,SL004#,360,360,2,,"0,00%",,,,,2024-07-01,miss Cocco S.R.L,1535,,49,,,,,,,,
2024-06-17,null,SL004# GOLD/SILVER,240,240,,,"0,00%",,,,,2024-07-01,miss Cocco S.R.L,6106-S,,38,,,,,,,,
2024-06-17,null,B07#,400,397,6,,"0,75%",,,,,2024-07-01,miss Cocco S.R.L,7545,,26,,,,,,,,
2024-06-17,null,B240#,240,240,2,,"0,00%",,,,,2024-07-01,miss Cocco S.R.L,6106,,49,,,,,,,,
2024-06-17,null,H1#,200,200,2,,"0,00%",,,,,2024-07-01,miss Cocco S.R.L,7560,,64,,,,,,,,
2024-06-17,null,H2#,300,300,3,,"0,00%",,,,,2024-07-01,miss Cocco S.R.L,7562,,68,,,,,,,,
2024-06-17,null,YN7512#,700,700,1,,"0,00%",,,,,2024-07-01,miss Cocco S.R.L,7499,,97,,,,,,,,
2024-06-17,null,0048#,1.500,1.500,1,,"0,00%",,,,,2024-07-01,miss Cocco S.R.L,7546,,97,,,,,,,,
2024-06-17,null,0031#,2.000,2.000,2,,"0,00%",,,,,2024-07-01,miss Cocco S.R.L,7543,,96,,,,,,,,
2024-06-17,null,0041#,2.000,2.000,2,,"0,00%",,,,,2024-07-01,miss Cocco S.R.L,7512,,96,7,,,,,,,
2024-06-17,null,0031BW#,1.000,1.000,1,,"0,00%",,,,,2024-07-01,miss Cocco S.R.L,7441,,98,,,,,,,,
2024-06-17,null,0029#,2.000,1.900,1,,"5,00%",,,,,2024-07-01,miss Cocco S.R.L,7604,,102,,,,,,,,
2024-06-17,null,0031BK#,1.000,1.000,1,,"0,00%",,,,,2024-07-01,miss Cocco S.R.L,7536/RI,,98,,,,,,,,
2024-06-17,null,BW55#,1.500,1.500,2,,"0,00%",,,,,2024-07-01,Lara Distribuzioni S.R.L,5016,,30,4,,,,,,,
2024-06-17,null,808-2#,1.000,1.000,8,,"0,00%",,,,,2024-07-01,Lara Distribuzioni S.R.L,5017,,50,,,,,,,,
2024-06-17,null,11616-1#,300,300,3,,"0,00%",,,,,2024-07-01,Azara SRL,C23336,,10,1,,,,,,,
2024-06-17,null,11616-2#,300,300,6,,"0,00%",,,,,2024-07-01,Azara SRL,C23336,,10,,,,,,,,
2024-06-17,null,180#,300,300,1,,"0,00%",,,,,2024-07-01,Azara SRL,C23336,,10,,,,,,,,
2024-06-17,null,H3#,200,200,2,,"0,00%",,,,,2024-07-01,Solomoda SRL_mooij,G6030-103,,20,1,,,,,,,
2024-06-17,null,087#,30,30,1,,"0,00%",,,,,2024-07-01,Solomoda SRL_mooij,G6030-105,,12,,,,,,,,
2024-06-17,null,907#,60,59,2,,"1,67%",,,,,2024-07-01,Solomoda SRL_mooij,G6030-112,,16,,,,,,,,
2024-06-17,null,907#,20,12,1,,"40,00%",,,,,2024-07-01,Solomoda SRL_mooij,G6030-113,,24,,,,,,,,
2024-06-17,null,109#,10,10,,,"0,00%",,,,,2024-07-01,Solomoda SRL_mooij,G6030-79,,7,,,,,,,,
2024-06-17,null,6886#,50,49,2,,"2,00%",,,,,2024-07-01,Solomoda SRL_mooij,N6151-2,,8,,,,,,,,
2024-06-17,null,9142#,50,49,2,,"2,00%",,,,,2024-07-01,Cotton SRL,7509,,60,2,,,,,,,
2024-06-17,null,053#,40,40,1,,"0,00%",,,,,2024-07-01,Cotton SRL,7585,,53,,,,,,,,
2024-06-17,null,3131#,40,40,2,,"0,00%",,,,,2024-07-01,Cotton SRL,5596,,65,,,,,,,,
2024-06-17,null,8925#,40,40,1,,"0,00%",,,,,2024-07-01,D-Style SRL,7833,,65,1,,,,,,,
2024-06-17,null,Y150#,40,40,2,,"0,00%",,,,,2024-07-01,D-Style SRL,8259/BE,,50,,,,,,,,
2024-06-28,판위팡,24558#,770,720,5,,"6,49%",,,,,2024-07-01,mora & Co S.R.L,1007,,100,2,,,,,,,
2024-06-28,판위팡,624-1#,1.844,1.750,6,,"5,10%",,,,,2024-07-01,mora & Co S.R.L,1000,,99,,,,,,,,
2024-06-28,D70,24536#,415,400,6,,"3,61%",,,,,2024-07-01,Bing Bang moda SRL,66136,,100,1,,,,,,,
2024-06-28,D70,24537#,410,400,5,,"2,44%",,,,,2024-07-01,Elegance Firenze S.r.l,83291,,80,4,,,,,,,
2024-06-28,D70,24538#,430,400,5,,"6,98%",,,,,2024-07-01,Elegance Firenze S.r.l,827391,,100,,,,,,,,
2024-06-28,D70,24540#,405,400,5,,"1,23%",,,,,2024-07-01,Elegance Firenze S.r.l,825401,,26,,,,,,,,
2024-06-28,D70,24543#,416,400,4,,"3,85%",,,,,2024-07-01,Elegance Firenze S.r.l,801201,,30,,,,,,,,
2024-06-28,유화A2-1,24512#,400,400,4,,"0,00%",,,,,2024-07-01,Elegance Firenze S.r.l,83149,,30,,,,,,,,
2024-06-28,유화A2-1,24513-1#,111,111,1,,"0,00%",,,,,2024-07-01,Elegance Firenze S.r.l,830124,,45,,,,,,,,
2024-06-28,유화A2-1,24513-2#,107,107,1,,"0,00%",,,,,2024-07-01,Elegance Firenze S.r.l,851927,,100,,,,,,,,
2024-06-28,유화A2-1,24513-3#,212,212,2,,"0,00%",,,,,2024-07-01,Clover_Shinny S.R.L,22089,,90,11,,,,,,,
2024-06-28,유화117,24554#,400,400,3,,"0,00%",,,,,2024-07-01,Clover_Shinny S.R.L,22036,,80,,,,,,,,
2024-06-28,해주공장,24526#,894,800,10,,"10,51%",,,,,2024-07-01,Clover_Shinny S.R.L,22006-1,,80,,,,,,,,
2024-06-28,해주공장,24527#,524,450,4,,"14,12%",,,,,2024-07-01,Studio di Chen Lingqin,571/55,,30,1,,,,,,,
2024-06-28,해주공장,24523#,300,299,5,,"0,33%",,,,,2024-07-01,Studio di Chen Lingqin,578/67,,2,,,,,,,,
2024-06-28,해주공장,24524#,314,300,4,,"4,46%",,,,,2024-07-01,Studio di Chen Lingqin,999973/11,,9,,,,,,,,
2024-06-28,해주공장,24525#,400,400,3,,"0,00%",,,,,2024-07-01,Studio di Chen Lingqin,999973/13,,1,,,,,,,,
2024-06-28,해주공장,23552#,414,400,7,,"3,38%",,,,,2024-07-01,Studio di Chen Lingqin,999973/5,,10,,,,,,,,
2024-06-28,해주공장,24588#,300,285,3,,"5,00%",,,,,2024-07-01,Studio di Chen Lingqin,999973/9,,1,,,,,,,,
2024-06-28,해주공장,24586#,600,530,3,,"11,67%",,,,,2024-07-01,Studio di Chen Lingqin,j680/29,,18,,,,,,,,
2024-06-28,잉그,24582#,404,400,5,,"0,99%",,,,,,,,,,,,,,,,,
2024-06-28,잉그,24583#,401,400,7,,"0,25%",,,,,2024-10-05,BLU ROYAL,A2242-F21,,12,,,,,,,,
2024-06-28,YA,24555#,633,600,3,,"5,21%",,,,,2024-10-05,BLU ROYAL,A29748-G11,,40,,,,,,,,
2024-06-28,YA,24556#,400,364,5,,"9,00%",,,,,2024-10-05,BLU ROYAL,A6811-G11,,38,,,,,,,,
2024-06-28,YA,24557#,900,816,7,,"9,33%",,,,,2024-10-05,BLU ROYAL,A6923-W6,,40,,,,,,,,
2024-06-28,YA,24587#,201,200,2,,"0,50%",,,,,2024-10-05,COS Moda,14536,,70,,,,,,,,
2024-06-28,신대지180,24545#,800,800,9,,"0,00%",,,,,2024-10-05,COS Moda,13536,,70,,,,,,,,
2024-06-28,신대지180,24550#,420,420,6,,"0,00%",,,,,2024-10-05,COS Moda,10218,,30,,,,,,,,
2024-06-28,판위왕,568#,1.520,1.500,24,,"1,32%",,,,,2024-10-05,COS Moda,13502,,22,,,,,,,,
2024-06-28,판위왕,24571#,457,400,4,,"12,47%",,,,,2024-10-06,COTTON,2399,,60,,,,,,,,
2024-06-28,판위왕,24581#,1.260,1.179,6,,"6,43%",,,,,2024-10-06,COTTON,2478,,60,,,,,,,,
2024-06-28,판위왕,24577#,815,815,5,,"0,00%",,,,,2024-10-06,COTTON,2523,,12,,,,,,,,
2024-06-28,판위왕,22129#,415,415,5,,"0,00%",,,,,2024-10-06,COTTON,9889,,47,,,,,,,,
2024-06-28,판위왕,22949#,521,521,6,,"0,00%",,,,,2024-10-05,ELEGANCE,83629,,100,,,,,,,,
2024-06-28,판위왕,22948#,656,600,4,,"8,54%",,,,,2024-10-05,ELEGANCE,83937,,80,,,,,,,,
2024-06-28,판위왕,24602#,200,200,2,,"0,00%",,,,,2024-10-05,ELEGANCE,516006,,60,,,,,,,,
2024-06-28,판위왕,24603#,591,591,5,,"0,00%",,,,,2024-10-05,ELEGANCE,604801,,100,,,,,,,,
2024-06-28,판위왕,24604#,406,400,4,,"1,48%",,,,,2024-10-05,ELEGANCE,803461,,140,,,,,,,,
2024-06-28,판위왕,24579#,334,300,3,,"10,18%",,,,,2024-10-05,FLORA,5536,,100,,,,,,,,
2024-06-28,판위왕,24560#,613,600,4,,"2,12%",,,,,2024-10-05,FLORA,5536,,105,,,,,,,,
2024-06-28,판위왕,24567#,500,492,7,,"1,60%",,,,,2024-10-05,FLORA,5595,,60,,,,,,,,
2024-06-28,판위왕,24568#,300,288,5,,"4,00%",,,,,2024-10-05,FLORA,5536B (BUCLE),,45,,,,,,,,
2024-06-28,판위왕,24578#,500,498,7,,"0,40%",,,,,2024-10-05,HJ FASHION,81311,,60,,,,,,,,
2024-06-28,커춘,24585#,404,400,6,,"0,99%",,,,,2024-10-05,HJ FASHION,81338,,76,,,,,,,,
2024-06-28,커춘,24522#,493,480,17,,"2,64%",,,,,2024-10-05,MICOK,6112,,60,,,,,,,,
2024-06-28,커춘,24593#,212,200,2,,"5,66%",,,,,2024-10-05,MICOK,8549,,8,,,,,,,,
2024-06-28,커춘,24592#,332,300,3,,"9,64%",,,,,2024-10-05,MICOK,8549,,4,,,,,,,,
2024-06-28,커춘,24591#,361,350,5,,"3,05%",,,,,2024-10-05,MICOK,9250,,10,,,,,,,,
2024-06-28,뜨게집A11-3,24502#,300,278,5,,"7,33%",,,,,2024-10-05,MICOK,9269,,6,,,,,,,,
2024-06-28,뜨게집A11-3,24505#,480,445,6,,"7,29%",,,,,2024-10-06,MISS COCCO,7825,,42,,,,,,,,
2024-06-28,뜨게집A11-3,24506#,300,292,3,,"2,67%",,,,,2024-10-06,MISS COCCO,7859,,8,,,,,,,,
2024-06-28,뜨게집A11-3,24511#,317,300,3,,"5,36%",,,,,2024-10-06,MISS COCCO,7878,,14,,,,,,,,
2024-06-28,뜨게집A11-3,24530#,308,300,4,,"2,60%",,,,,2024-10-06,MISS COCCO,7880,,6,,,,,,,,
2024-06-28,이우,807#,600,600,6,,"0,00%",,,,,2024-10-06,MISS COCCO,9367,,4,,,,,,,,
2024-06-28,이우,508#,800,800,8,,"0,00%",,,,,2024-10-06,MISS COCCO,7759CEL,,4,,,,,,,,
2024-07-15,청바지집,24603#,586,500,6,,"14,68%",,,,,2024-10-06,MISS COCCO,H1737,,8,,,,,,,,
2024-07-15,커춘,24590#,307,300,6,,"2,28%",,,,,2024-10-05,MISS Z,68352,,80,,,,,,,,
2024-07-15,9248,22088#,2.800,2.800,14,,"0,00%",,,,,2024-10-05,MISS Z,68629,,4,,,,,,,,
2024-07-15,9248,22085#,1.900,1.900,9,,"0,00%",,,,,2024-10-05,MISS Z,69318,,14,,,,,,,,
2024-07-15,9248,2426#,250,250,1,,"0,00%",,,,,2024-10-05,MISS Z,69414,,49,,,,,,,,
2024-07-15,9248,2388#,380,380,2,,"0,00%",,,,,2024-10-05,MISS Z,69435,,74,,,,,,,,
2024-07-15,9248,6614#,300,300,1,,"0,00%",,,,,2024-10-05,MISS Z,69445,,69,,,,,,,,
2024-07-15,9248,9001-1#,800,800,5,,"0,00%",,,,,2024-10-05,MISS Z,69445,,38,,,,,,,,
2024-07-15,9248,QN12#,400,400,10,,"0,00%",,,,,2024-10-05,OHLALA,8309,,101,,,,,,,,
2024-07-15,9248,SH12#,400,400,10,,"0,00%",,,,,2024-10-05,OHLALA,8315,,46,,,,,,,,
2024-07-15,9248,BG12#,260,260,6,,"0,00%",,,,,2024-10-05,OHLALA,9060,,210,,,,,,,,
2024-07-15,9248,LK12#,240,240,3,,"0,00%",,,,,2024-10-05,OHLALA,9090,,15,,,,,,,,
2024-07-15,9248,166#,500,500,3,,"0,00%",,,,,2024-10-05,OHLALA,9093,,30,,,,,,,,
2024-07-15,9248,723#,450,450,2,,"0,00%",,,,,2024-10-05,OHLALA,152031,,60,,,,,,,,
2024-07-15,9248,8065#,800,800,8,,"0,00%",,,,,2024-10-05,Alise,alisebags,,2,,,,,,,,
2024-07-15,9248,H3#,200,200,2,,"0,00%",,,,,2024-10-05,Alise,1703,,2,,,,,,,,
2024-07-15,9248,0089W,200,200,2,,"0,00%",,,,,2024-10-05,Alise,6625,,5,,,,,,,,
2024-07-15,9248,0089m,200,200,2,,"0,00%",,,,,2024-10-05,Alise,6625,,5,,,,,,,,
2024-07-15,9248,YN4391,200,200,2,,"0,00%",,,,,2024-10-05,Alise,6934,,5,,,,,,,,
2024-07-15,9248,YN4393,100,100,1,,"0,00%",,,,,2024-10-05,Livans,89726,,4,,,,,,,,
2024-07-15,9248,YN4393,50,50,1,,"0,00%",,,,,2024-10-05,Livans,89352,,4,,,,,,,,
2024-07-15,9248,YN4394,50,50,1,,"0,00%",,,,,2024-10-05,Livans,81630,,4,,,,,,,,
2024-07-15,9248,YN4395,200,200,2,,"0,00%",,,,,2024-10-05,Livans,8017,,2,,,,,,,,
2024-07-15,9248,m1#,200,200,2,,"0,00%",,,,,2024-10-05,Livans,8286,,4,,,,,,,,
2024-07-15,9248,m2#,200,200,2,,"0,00%",,,,,2024-10-05,Livans,T01,,7,,,,,,,,
2024-07-15,9248,T01#,10,10,1,,"0,00%",,,,,2024-10-05,Livans,89721,,9,,,,,,,,
2024-07-26,판위왕,22133#,600,555,4,,"7,50%",,,,,2024-10-05,Zetaotto,818721,,6,,,,,,,,
2024-07-26,판위왕,24559#,618,600,4,,"2,91%",,,,,2024-10-05,Zetaotto,13332,,4,,,,,,,,
2024-07-26,판위왕,24561#,627,600,4,,"4,31%",,,,,2024-10-05,Zetaotto,13669,,6,,,,,,,,
2024-07-26,판위왕,24563#,305,300,3,,"1,64%",,,,,,,,,,,,,,,,,
2024-07-26,판위왕,24564#,400,354,5,,"11,50%",,,,,,,,,,,,,,,,,
2024-07-26,판위왕,24565#,333,300,4,,"9,91%",,,,,,,,,,160,,,,,,,
2024-07-26,판위왕,24566#,322,300,3,,"6,83%",,,,,,,,,,,,,,,,,
2024-07-26,판위왕,24569#,323,300,5,,"7,12%",,,,,,,,,,,,,,,,,
2024-07-26,판위왕,24570#,532,500,8,,"6,02%",,,,,,,,,,,,,,,,,
2024-07-26,판위왕,24572#,312,300,3,,"3,85%",,,,,,,,,,,,,,,,,
2024-07-26,판위왕,24573#,328,300,3,,"8,54%",,,,,,,,,,,,,,,,,
2024-07-26,판위왕,24574#,314,300,4,,"4,46%",,,,,,,,,,,,,,,,,
2024-07-26,판위왕,24575#,324,300,4,,"7,41%",,,,,,,,,,,,,,,,,
2024-07-26,판위왕,24576#,312,300,5,,"3,85%",,,,,,,,,,,,,,,,,
2024-07-26,판위왕,22947#,367,350,9,,"4,63%",,,,,,,,,,,,,,,,,
2024-07-26,판위왕,24597#,319,300,6,,"5,96%",,,,,,,,,,,,,,,,,
2024-07-26,판위왕,24598#,300,292,3,,"2,67%",,,,,,,,,,,,,,,,,
2024-07-26,판위왕,24599#,314,300,3,,"4,46%",,,,,,,,,,,,,,,,,
2024-07-26,판위왕,24600#,300,278,5,,"7,33%",,,,,,,,,,,,,,,,,
2024-07-26,판위왕,24601#,309,300,4,,"2,91%",,,,,,,,,,,,,,,,,
2024-07-26,판위왕,23609#,300,300,5,,"0,00%",,,,,,,,,,,,,,,,,
2024-07-26,판위왕,24608#,400,395,6,,"1,25%",,,,,,,,,,,,,,,,,
2024-07-26,판위왕,23511#,431,400,9,,"7,19%",,,,,,,,,,,,,,,,,
2024-07-26,판위왕,24613#,450,432,4,,"4,00%",,,,,,,,,,,,,,,,,
2024-07-26,파티집,24514#,120,120,3,,"0,00%",,,,,,,,,,,,,,,,,
2024-07-26,파티집,24515#,310,300,3,,"3,23%",,,,,,,,,,,,,,,,,
2024-07-26,파티집,24516#,200,199,2,,"0,50%",,,,,,,,,,,,,,,,,
2024-07-26,파티집,24551#,200,200,1,,"0,00%",,,,,,,,,,,,,,,,,
2024-07-26,파티집,24552#,200,198,2,,"1,00%",,,,,,,,,,,,,,,,,
2024-07-26,파티집,24594#,200,200,1,,"0,00%",,,,,,,,,,,,,,,,,
2024-07-26,파티집,24595#,120,120,3,,"0,00%",,,,,,,,,,,,,,,,,
2024-07-26,해주공장,24596#,450,392,4,,"12,89%",,,,,,,,,,,,,,,,,
2024-07-26,해주공장,22151#,413,400,5,,"3,15%",,,,,,,,,,,,,,,,,
2024-07-26,커춘,23973#,1.110,1.100,45,,"0,90%",,,,,,,,,,,,,,,,,
2024-07-26,신대지168,21098#,307,300,2,,"2,28%",,,,,,,,,,,,,,,,,
2024-07-26,D70,24531#,614,600,4,,"2,28%",,,,,,,,,,,,,,,,,
2024-07-26,D70,24532#,478,458,6,,"4,18%",,,,,,,,,,,,,,,,,
2024-07-26,D70,24533#,505,500,5,,"0,99%",,,,,,,,,,,,,,,,,
2024-07-26,D70,24534#,670,574,3,,"14,33%",,,,,,,,,,,,,,,,,
2024-07-26,D70,24535#,569,500,2,,"12,13%",,,,,,,,,,,,,,,,,
2024-07-26,D70,24539#,605,600,7,,"0,83%",,,,,,,,,,,,,,,,,
2024-07-26,D70,24541#,400,395,5,,"1,25%",,,,,,,,,,,,,,,,,
2024-07-26,D70,24542#,415,400,7,,"3,61%",,,,,,,,,,,,,,,,,
2024-07-26,D70,24544#,557,500,6,,"10,23%",,,,,,,,,,,,,,,,,
2024-07-26,잉그,24584#,329,300,7,,"8,81%",,,,,,,,,,,,,,,,,
2024-07-26,지하A36-2,24605#,319,319,3,,"0,00%",,,,,,,,,,,,,,,,,
2024-07-26,판위팡,24606#,669,600,4,,"10,31%",,,,,,,,,,,,,,,,,
2024-07-26,판위팡,24607#,415,360,3,,"13,25%",,,,,,,,,,,,,,,,,
2024-07-26,판위팡,24615#,1.472,1.400,5,,"4,89%",,,,,,,,,,,,,,,,,
2024-07-26,지하78-2,24610#,311,300,4,,"3,54%",,,,,,,,,,,,,,,,,
2024-07-26,지하78-2,24611#,342,300,6,,"12,28%",,,,,,,,,,,,,,,,,
2024-07-26,YA,24609#,450,396,2,,"12,00%",,,,,,,,,,,,,,,,,
2024-07-26,YA,24612#,300,275,2,,"8,33%",,,,,,,,,,,,,,,,,
2024-07-26,뜨게집,24504#,344,300,4,,"12,79%",,,,,,,,,,,,,,,,,
2024-07-26,뜨게집,24506#,408,400,4,,"1,96%",,,,,,,,,,,,,,,,,
2024-07-26,뜨게집,24509#,311,300,3,,"3,54%",,,,,,,,,,,,,,,,,
2024-07-26,뜨게집,24510#,300,265,9,,"11,67%",,,,,,,,,,,,,,,,,
2024-07-26,이우,723#,1.500,1.500,7,,"0,00%",,,,,,,,,,,,,,,,,
2024-07-26,이우,0128-1#,2.000,2.000,3,,"0,00%",,,,,,,,,,,,,,,,,
2024-07-26,이우,0128-3#,2.000,2.000,3,,"0,00%",,,,,,,,,,,,,,,,,
2024-07-26,이우,0128-4#,2.000,2.000,3,,"0,00%",,,,,,,,,,,,,,,,,
2024-07-26,이우,0128-5#,2.000,2.000,3,,"0,00%",,,,,,,,,,,,,,,,,
2024-07-26,이우,0128-2#,1.000,1.000,2,,"0,00%",,,,,,,,,,,,,,,,,
2024-07-26,이우,YN5140#,1.050,1.050,2,,"0,00%",,,,,,,,,,,,,,,,,
2024-07-26,이우,YN88714#,2.000,2.000,2,,"0,00%",,,,,,,,,,,,,,,,,
2024-08-16,지하A11,24503#,313,300,3,,"4,15%",,,,,,,,,,,,,,,,,
2024-08-16,지하A11,24507#,300,288,2,,"4,00%",,,,,,,,,,,,,,,,,
2024-08-16,지하A11,24508#,480,455,4,,"5,21%",,,,,,,,,,,,,,,,,
2024-08-16,지하A11,24632#,400,398,14,,"0,50%",,,,,,,,,,,,,,,,,
2024-08-16,지하A11,24633#,400,400,4,,"0,00%",,,,,,,,,,,,,,,,,
2024-08-16,판위왕,24589#,420,400,5,,"4,76%",,,,,,,,,,,,,,,,,
2024-08-16,판위왕,24614#,400,375,7,,"6,25%",,,,,,,,,,,,,,,,,
2024-08-16,판위왕,24627#,450,425,3,,"5,56%",,,,,,,,,,,,,,,,,
2024-08-16,판위왕,23954#,796,700,17,,"12,06%",,,,,,,,,,,,,,,,,
2024-08-16,판위왕,24640#,400,381,4,,"4,75%",,,,,,,,,,,,,,,,,
2024-08-16,판위왕,24648#,330,300,4,,"9,09%",,,,,,,,,,,,,,,,,
2024-08-16,판위왕,24650#,421,400,4,,"4,99%",,,,,,,,,,,,,,,,,
2024-08-16,커춘,24616#,560,531,5,,"5,18%",,,,,,,,,,,,,,,,,
2024-08-16,커춘,24617#,728,640,6,,"12,09%",,,,,,,,,,,,,,,,,
2024-08-16,커춘,24618#,540,463,5,,"14,26%",,,,,,,,,,,,,,,,,
2024-08-16,커춘,24619#,620,535,6,,"13,71%",,,,,,,,,,,,,,,,,
2024-08-16,커춘,24306#,758,660,22,,"12,93%",,,,,,,,,,,,,,,,,
2024-08-16,커춘,24642#,620,609,5,,"1,77%",,,,,,,,,,,,,,,,,
2024-08-16,커춘,24643#,620,589,5,,"5,00%",,,,,,,,,,,,,,,,,
2024-08-16,해주공장,23920#,517,450,5,,"12,96%",,,,,,,,,,,,,,,,,
2024-08-16,D70,23926#,659,600,13,,"8,95%",,,,,,,,,,,,,,,,,
2024-08-16,D70,24638#,431,400,2,,"7,19%",,,,,,,,,,,,,,,,,
2024-08-16,D70,24645#,617,600,6,,"2,76%",,,,,,,,,,,,,,,,,
2024-08-16,판위팡,24308#,1.735,1.660,17,,"4,32%",,,,,,,,,,,,,,,,,
2024-08-16,판위팡,24558#,1.182,1.080,7,,"8,63%",,,,,,,,,,,,,,,,,
2024-08-16,지하D117,24559#,503,483,4,,"3,98%",,,,,,,,,,,,,,,,,
2024-08-16,신대지180,24629#,487,487,5,,"0,00%",,,,,,,,,,,,,,,,,
2024-08-16,신대지180,24630#,480,480,5,,"0,00%",,,,,,,,,,,,,,,,,
2024-08-16,신대지180,24631#,480,480,5,,"0,00%",,,,,,,,,,,,,,,,,
2024-08-16,신대지180,24641#,600,600,6,,"0,00%",,,,,,,,,,,,,,,,,
2024-08-16,YA,24635#,602,600,3,,"0,33%",,,,,,,,,,,,,,,,,
2024-08-16,YA,24636#,600,578,3,,"3,67%",,,,,,,,,,,,,,,,,
2024-08-16,YA,24637#,676,650,3,,"3,85%",,,,,,,,,,,,,,,,,
2024-08-16,청바지집,24634#,600,600,5,,"0,00%",,,,,,,,,,,,,,,,,
2024-08-16,따랑여자집,8192#,50,49,1,,"2,00%",,,,,,,,,,,,,,,,,
2024-08-16,따랑여자집,8190#,50,49,1,,"2,00%",,,,,,,,,,,,,,,,,
2024-08-16,따랑여자집,8167#,50,49,1,,"2,00%",,,,,,,,,,,,,,,,,
2024-08-16,따랑여자집,8171#,50,49,1,,"2,00%",,,,,,,,,,,,,,,,,
2024-08-16,따랑여자집,8152#,50,48,1,,"4,00%",,,,,,,,,,,,,,,,,
2024-08-16,따랑여자집,2536#,75,70,5,,"6,67%",,,,,,,,,,,,,,,,,
2024-08-16,따랑여자집,8202#,50,48,2,,"4,00%",,,,,,,,,,,,,,,,,
2024-08-16,따랑여자집,8212#,50,50,2,,"0,00%",,,,,,,,,,,,,,,,,
2024-08-16,따랑여자집,8178#,50,50,1,,"0,00%",,,,,,,,,,,,,,,,,
2024-08-16,따랑여자집,8072#,50,50,2,,"0,00%",,,,,,,,,,,,,,,,,
2024-08-16,따랑여자집,8275#,50,47,1,,"6,00%",,,,,,,,,,,,,,,,,
2024-08-16,따랑여자집,8158#,50,48,1,,"4,00%",,,,,,,,,,,,,,,,,
2024-08-16,따랑여자집,8193#,50,50,1,,"0,00%",,,,,,,,,,,,,,,,,
2024-08-16,따랑여자집,8169#,50,50,1,,"0,00%",,,,,,,,,,,,,,,,,
2024-08-16,따랑여자집,8085#,47,47,2,,"0,00%",,,,,,,,,,,,,,,,,
2024-08-16,따랑여자집,8079#,47,47,2,,"0,00%",,,,,,,,,,,,,,,,,
2024-08-16,따랑여자집,8075#,50,48,2,,"4,00%",,,,,,,,,,,,,,,,,
2024-08-16,따랑여자집,2529#,110,107,8,,"2,73%",,,,,,,,,,,,,,,,,
2024-08-16,따랑남자집,6589#,130,128,7,,"1,54%",,,,,,,,,,,,,,,,,
2024-08-16,따랑남자집,9003#,140,139,3,,"0,71%",,,,,,,,,,,,,,,,,
2024-08-16,따랑남자집,5699#,120,116,5,,"3,33%",,,,,,,,,,,,,,,,,
2024-08-16,따랑남자집,8088#,90,88,4,,"2,22%",,,,,,,,,,,,,,,,,
2024-08-16,따랑남자집,7008#,140,140,3,,"0,00%",,,,,,,,,,,,,,,,,
2024-08-16,따랑남자집,3266#,59,58,3,,"1,69%",,,,,,,,,,,,,,,,,
2024-08-16,따랑남자집,9296#,400,394,13,,"1,50%",,,,,,,,,,,,,,,,,
2024-08-16,따랑남자집,2007#,120,120,3,,"0,00%",,,,,,,,,,,,,,,,,
2024-08-16,따랑남자집,7706#,57,55,2,,"3,51%",,,,,,,,,,,,,,,,,
2024-08-16,따랑남자집,9286#,180,177,3,,"1,67%",,,,,,,,,,,,,,,,,
2024-08-16,이우,8285#,1.200,1.200,6,,"0,00%",,,,,,,,,,,,,,,,,
2024-08-16,이우,9013#,1.200,1.200,6,,"0,00%",,,,,,,,,,,,,,,,,
2024-08-16,이우,9014#,900,900,4,,"0,00%",,,,,,,,,,,,,,,,,
2024-08-16,이우,S90#,800,800,4,,"0,00%",,,,,,,,,,,,,,,,,
2024-09-14,커춘,24620#,398,390,13,,"2,01%",,,,,,,,,,,,,,,,,
2024-09-14,커춘,24621#,398,390,13,,"2,01%",,,,,,,,,,,,,,,,,
2024-09-14,커춘,24622#,389,380,11,,"2,31%",,,,,,,,,,,,,,,,,
2024-09-14,커춘,24623#,393,390,13,,"0,76%",,,,,,,,,,,,,,,,,
2024-09-14,커춘,24625#,391,390,12,,"0,26%",,,,,,,,,,,,,,,,,
2024-09-14,커춘,24626#,390,389,15,,"0,26%",,,,,,,,,,,,,,,,,
2024-09-14,커춘,24652#,360,359,12,,"0,28%",,,,,,,,,,,,,,,,,
2024-09-14,D70,24644#,634,600,21,,"5,36%",,,,,,,,,,,,,,,,,
2024-09-14,D70,24646#,600,596,15,,"0,67%",,,,,,,,,,,,,,,,,
2024-09-14,D70,24321#,819,810,12,,"1,10%",,,,,,,,,,,,,,,,,
2024-09-14,D70,24663#,654,600,11,,"8,26%",,,,,,,,,,,,,,,,,
2024-09-14,D70,24519#,543,500,18,,"7,92%",,,,,,,,,,,,,,,,,
2024-09-14,YA,24649#,481,467,5,,"2,91%",,,,,,,,,,,,,,,,,
2024-09-14,파티집,22950#,209,200,4,,"4,31%",,,,,,,,,,,,,,,,,
2024-09-14,파티집,1023#,200,197,4,,"1,50%",,,,,,,,,,,,,,,,,
2024-09-14,해주공장,23940#,760,745,7,,"1,97%",,,,,,,,,,,,,,,,,
2024-09-14,해주공장,24311#,1.055,1.000,9,,"5,21%",,,,,,,,,,,,,,,,,
2024-09-14,잉그,24654#,616,560,9,,"9,09%",,,,,,,,,,,,,,,,,
2024-09-14,잉그,24661#,500,473,6,,"5,40%",,,,,,,,,,,,,,,,,
2024-09-14,판위왕,24655#,328,326,5,,"0,61%",,,,,,,,,,,,,,,,,
2024-09-14,판위왕,24656#,550,533,9,,"3,09%",,,,,,,,,,,,,,,,,
2024-09-14,판위왕,24657#,321,300,7,,"6,54%",,,,,,,,,,,,,,,,,
2024-09-14,판위왕,24658#,568,550,10,,"3,17%",,,,,,,,,,,,,,,,,
2024-09-14,판위왕,24659#,318,300,7,,"5,66%",,,,,,,,,,,,,,,,,
2024-09-14,판위왕,24660#,550,546,9,,"0,73%",,,,,,,,,,,,,,,,,
2024-09-14,판위왕,24669#,400,386,9,,"3,50%",,,,,,,,,,,,,,,,,
2024-09-14,판위팡,24665#,900,878,3,,"2,44%",,,,,,,,,,,,,,,,,
2024-10-11,신대지168,22161#,300,298,15,,"0,67%",,,,,,,,,,,,,,,,,
2024-10-11,신대지180,24545#,703,703,8,,"0,00%",,,,,,,,,,,,,,,,,
2024-10-11,신대지180,22909#,200,200,6,,"0,00%",,,,,,,,,,,,,,,,,
2024-10-11,신대지180,24547#,400,400,10,,"0,00%",,,,,,,,,,,,,,,,,
2024-10-11,신대지180,24546#,400,400,20,,"0,00%",,,,,,,,,,,,,,,,,
2024-10-11,신대지180,24548#,850,850,16,,"0,00%",,,,,,,,,,,,,,,,,
2024-10-11,신대지180,22913#,2.000,2.000,23,,"0,00%",,,,,,,,,,,,,,,,,
2024-10-11,신대지180,24549#,517,517,12,,"0,00%",,,,,,,,,,,,,,,,,
2024-10-11,신대지180,24675#,400,400,5,,"0,00%",,,,,,,,,,,,,,,,,
2024-10-11,신대지180,22912#,2.000,2.000,40,,"0,00%",,,,,,,,,,,,,,,,,
2024-10-11,판위왕,24901#,1.060,1.060,8,,"0,00%",,,,,,,,,,,,,,,,,
2024-10-11,판위왕,24671#,629,629,18,,"0,00%",,,,,,,,,,,,,,,,,
2024-10-11,파티집,24686#,255,250,2,,"1,96%",,,,,,,,,,,,,,,,,
2024-10-11,파티집,24685#,254,250,2,,"1,57%",,,,,,,,,,,,,,,,,
2024-10-11,파티집,24687#,301,300,4,,"0,33%",,,,,,,,,,,,,,,,,
2024-10-11,뜨게집,24506#,615,600,7,,"2,44%",,,,,,,,,,,,,,,,,
2024-10-11,해주공장,23912#,502,502,4,,"0,00%",,,,,,,,,,,,,,,,,
2024-10-11,해주공장,23913#,500,500,7,,"0,00%",,,,,,,,,,,,,,,,,
2024-10-11,해주공장,23913-1#,400,400,6,,"0,00%",,,,,,,,,,,,,,,,,
2024-10-11,해주공장,21127#,804,804,8,,"0,00%",,,,,,,,,,,,,,,,,
2024-10-11,커춘,24668#,400,362,15,,"9,50%",,,,,,,,,,,,,,,,,
2024-10-11,커춘,24651#,480,470,14,,"2,08%",,,,,,,,,,,,,,,,,
2024-10-11,커춘,24653#,406,400,14,,"1,48%",,,,,,,,,,,,,,,,,
2024-10-11,커춘,24689#,482,480,16,,"0,41%",,,,,,,,,,,,,,,,,
2024-10-11,커춘,24678#,311,300,5,,"3,54%",,,,,,,,,,,,,,,,,
2024-10-11,D70,24674#,467,453,12,,"3,00%",,,,,,,,,,,,,,,,,
2024-10-11,D70,24673#,801,751,20,,"6,24%",,,,,,,,,,,,,,,,,
2024-10-11,따랑63호,723#,589,580,20,,"1,53%",,,,,,,,,,,,,,,,,
2024-10-11,따랑63호,2133#,113,113,8,,"0,00%",,,,,,,,,,,,,,,,,
2024-10-11,따랑43호,9035#,379,360,12,,"5,01%",,,,,,,,,,,,,,,,,
2024-10-11,3-37#,661111#,60,60,2,,"0,00%",,,,,,,,,,,,,,,,,
2024-10-11,3-37#,661196#,80,80,3,,"0,00%",,,,,,,,,,,,,,,,,
2024-10-11,2-27#,9142#,50,49,2,,"2,00%",,,,,,,,,,,,,,,,,
2024-10-11,2-27#,6837#,50,50,2,,"0,00%",,,,,,,,,,,,,,,,,
2024-10-11,2-27#,6840#,30,30,2,,"0,00%",,,,,,,,,,,,,,,,,
2024-10-11,2-27#,6876#,40,40,2,,"0,00%",,,,,,,,,,,,,,,,,
2024-10-11,2-27#,6877#,24,22,1,,"8,33%",,,,,,,,,,,,,,,,,
2024-10-11,SH,F9801#,60,60,3,,"0,00%",,,,,,,,,,,,,,,,,
2024-10-11,SH,77#,120,120,5,,"0,00%",,,,,,,,,,,,,,,,,
2024-10-11,32680,m002#,1.500,1.500,3,,"0,00%",,,,,,,,,,,,,,,,,
2024-10-11,32680,m003#,1.500,1.500,3,,"0,00%",,,,,,,,,,,,,,,,,
2024-10-11,32680,m004#,1.500,1.500,3,,"0,00%",,,,,,,,,,,,,,,,,
2024-10-11,32680,m001#,1.000,1.000,2,,"0,00%",,,,,,,,,,,,,,,,,
2024-10-11,32724,25512#,2.000,2.000,5,,"0,00%",,,,,,,,,,,,,,,,,
2024-10-11,32724,68101#,500,500,2,,"0,00%",,,,,,,,,,,,,,,,,
2024-10-11,32724,8003#,500,500,2,,"0,00%",,,,,,,,,,,,,,,,,
2024-10-11,32724,405#,1.400,1.400,3,,"0,00%",,,,,,,,,,,,,,,,,
2024-10-11,32724,6108#,2.100,2.100,5,,"0,00%",,,,,,,,,,,,,,,,,
2024-10-11,32724,86514#,700,700,2,,"0,00%",,,,,,,,,,,,,,,,,
2024-10-11,32724,25502#,700,700,2,,"0,00%",,,,,,,,,,,,,,,,,
2024-10-11,32724,41500#,1.050,1.050,3,,"0,00%",,,,,,,,,,,,,,,,,
2024-10-11,32724,40702#,700,700,2,,"0,00%",,,,,,,,,,,,,,,,,
2024-10-11,32724,40701#,1.050,1.050,3,,"0,00%",,,,,,,,,,,,,,,,,
2024-10-11,32724,40901#,1.400,1.400,3,,"0,00%",,,,,,,,,,,,,,,,,
2024-10-11,32724,40808#,700,700,2,,"0,00%",,,,,,,,,,,,,,,,,
2024-10-11,32724,41701#,900,900,3,,"0,00%",,,,,,,,,,,,,,,,,
2024-10-11,32724,41703#,900,900,3,,"0,00%",,,,,,,,,,,,,,,,,
2024-10-11,32724,8607#,900,900,2,,"0,00%",,,,,,,,,,,,,,,,,
2024-10-11,32724,40020#,600,600,2,,"0,00%",,,,,,,,,,,,,,,,,
2024-10-11,32724,40016#,1.050,1.050,3,,"0,00%",,,,,,,,,,,,,,,,,
2024-10-11,32724,40704#,1.050,1.050,3,,"0,00%",,,,,,,,,,,,,,,,,
2024-10-11,32724,6108C#,1.050,1.050,2,,"0,00%",,,,,,,,,,,,,,,,,
2024-10-11,32724,41004#,1.050,1.050,2,,"0,00%",,,,,,,,,,,,,,,,,
2024-10-11,32766,8813#,600,600,10,,"0,00%",,,,,,,,,,,,,,,,,
2024-10-11,32766,8827#,440,440,8,,"0,00%",,,,,,,,,,,,,,,,,
2024-10-11,32766,601#,700,700,12,,"0,00%",,,,,,,,,,,,,,,,,
2024-10-11,32766,7010#,700,700,18,,"0,00%",,,,,,,,,,,,,,,,,
2024-10-11,32766,SL003#,360,360,2,,"0,00%",,,,,,,,,,,,,,,,,
2024-10-11,32766,SL003# GOLD/SILVER,240,240,2,,"0,00%",,,,,,,,,,,,,,,,,
2024-10-11,null,B07#,800,800,6,,"0,00%",,,,,,,,,,,,,,,,,
2024-10-11,null,B07# ROSEGOLD,400,400,4,,"0,00%",,,,,,,,,,,,,,,,,
2024-10-11,FT,mZF01#,510,510,10,,"0,00%",,,,,,,,,,,,,,,,,
2024-10-11,null,B240#,500,500,5,,"0,00%",,,,,,,,,,,,,,,,,
2024-10-11,null,11616-2#,700,700,14,,"0,00%",,,,,,,,,,,,,,,,,
2024-10-11,null,11616-3#,600,600,12,,"0,00%",,,,,,,,,,,,,,,,,
2024-10-11,null,P23-15#,550,550,5,,"0,00%",,,,,,,,,,,,,,,,,
2024-10-11,null,H1#,200,200,2,,"0,00%",,,,,,,,,,,,,,,,,
2024-10-11,null,H2#,300,300,3,,"0,00%",,,,,,,,,,,,,,,,,
2024-10-11,null,203#,1.500,1.430,10,,"4,67%",,,,,,,,,,,,,,,,,
2024-10-11,null,2318#,550,550,10,,"0,00%",,,,,,,,,,,,,,,,,
2024-10-11,null,3001#,700,700,14,,"0,00%",,,,,,,,,,,,,,,,,
2024-10-11,null,24202#,550,550,11,,"0,00%",,,,,,,,,,,,,,,,,
2024-10-11,null,24201#,600,600,12,,"0,00%",,,,,,,,,,,,,,,,,
2024-11-08,판위왕,24666#,426,426,18,,"0,00%",,,,,,,,,,,,,,,,,
2024-11-08,판위왕,24670#,352,352,9,,"0,00%",,,,,,,,,,,,,,,,,
2024-11-08,판위왕,23002#,431,431,9,,"0,00%",,,,,,,,,,,,,,,,,
2024-11-08,판위왕,24669#,357,357,8,,"0,00%",,,,,,,,,,,,,,,,,
2024-11-08,판위왕,24695#,460,460,8,,"0,00%",,,,,,,,,,,,,,,,,
2024-11-08,지하83-1A,241014#,450,429,4,,"4,67%",,,,,,,,,,,,,,,,,
2024-11-08,잉그,24696#,850,850,12,,"0,00%",,,,,,,,,,,,,,,,,
2024-11-08,시골집,104-1#,3.250,3.090,46,,"4,92%",,,,,,,,,,,,,,,,,
2024-11-08,지하A55,24690#,400,392,10,,"2,00%",,,,,,,,,,,,,,,,,
2024-11-08,YA,24555#,600,600,3,,"0,00%",,,,,,,,,,,,,,,,,
2024-12-06,신대지168,24684#,500,441,17,,"11,80%",,,,,,,,,,,,,,,,,
2024-12-06,신대지168,241040#,500,499,25,,"0,20%",,,,,,,,,,,,,,,,,
2024-12-06,커춘,24692#,400,362,20,,"9,50%",,,,,,,,,,,,,,,,,
2024-12-06,커춘,23973A#,1.122,1.100,45,,"1,96%",,,,,,,,,,,,,,,,,
2024-12-06,커춘,24697#,400,389,4,,"2,75%",,,,,,,,,,,,,,,,,
2024-12-06,커춘,241002#,436,400,13,,"8,26%",,,,,,,,,,,,,,,,,
2024-12-06,커춘,241032#,500,475,10,,"5,00%",,,,,,,,,,,,,,,,,
2024-12-06,커춘,241043#,450,400,6,,"11,11%",,,,,,,,,,,,,,,,,
2024-12-06,판위왕,241003#,552,552,20,,"0,00%",,,,,,,,,,,,,,,,,
2024-12-06,판위왕,22102#,300,300,7,,"0,00%",,,,,,,,,,,,,,,,,
2024-12-06,판위왕,22102-1#,300,300,6,,"0,00%",,,,,,,,,,,,,,,,,
2024-12-06,판위왕,24672#,308,308,9,,"0,00%",,,,,,,,,,,,,,,,,
2024-12-06,판위왕,241034#,363,363,8,,"0,00%",,,,,,,,,,,,,,,,,
2024-12-06,판위왕,241036#,400,400,7,,"0,00%",,,,,,,,,,,,,,,,,
2024-12-06,판위왕,241036-1#,400,400,7,,"0,00%",,,,,,,,,,,,,,,,,
2024-12-06,판위왕,241037#,304,304,7,,"0,00%",,,,,,,,,,,,,,,,,
2024-12-06,판위왕,241045#,419,419,4,,"0,00%",,,,,,,,,,,,,,,,,
2024-12-06,시골공장,241038#,563,500,5,,"11,19%",,,,,,,,,,,,,,,,,
2024-12-06,시골공장,22151#,900,883,10,,"1,89%",,,,,,,,,,,,,,,,,
2024-12-06,지하83-1A,241046#,400,393,5,,"1,75%",,,,,,,,,,,,,,,,,
2024-12-06,지하83-1A,241047#,417,400,5,,"4,08%",,,,,,,,,,,,,,,,,
2024-12-06,지하83-1A,241048#,400,398,5,,"0,50%",,,,,,,,,,,,,,,,,
2024-12-06,지하83-1A,241049#,400,399,7,,"0,25%",,,,,,,,,,,,,,,,,
2024-12-06,지하83-1A,241015#,450,434,7,,"3,56%",,,,,,,,,,,,,,,,,
2024-12-06,YA,241018#,302,300,2,,"0,66%",,,,,,,,,,,,,,,,,
2024-12-06,지하A55,241033#,467,450,12,,"3,64%",,,,,,,,,,,,,,,,,
2024-12-06,지하A55,001#,400,398,9,,"0,50%",,,,,,,,,,,,,,,,,
2024-12-06,지하A55,002#,412,400,10,,"2,91%",,,,,,,,,,,,,,,,,
2024-12-06,이우,22088#,3.400,3.225,22,,"5,15%",,,,,,,,,,,,,,,,,
2024-12-06,해주공장,241012#,790,769,13,,"2,66%",,,,,,,,,,,,,,,,,
2024-12-06,판위왕,포리백,5.000,5.000,1,,"0,00%",,,,,,,,,,,,,,,,,
2024-12-19,신대지536,24647#,940,900,12,,"4,26%",,,,,,,,,,,,,,,,,
2024-12-19,신대지536,24667#,1.200,1.192,13,,"0,67%",,,,,,,,,,,,,,,,,
2024-12-19,신대지536,241023#,600,597,8,,"0,50%",,,,,,,,,,,,,,,,,
2024-12-19,신대지536,241024#,622,500,6,,"19,61%",,,,,,,,,,,,,,,,,
2024-12-19,이우,808-1#,500,500,5,,"0,00%",,,,,,,,,,,,,,,,,
2024-12-19,이우,808-2#,1.700,1.700,17,,"0,00%",,,,,,,,,,,,,,,,,
2024-12-19,따랑43,6001#,400,388,8,,"3,00%",,,,,,,,,,,,,,,,,
2024-12-19,신대지530,129#,549,500,22,,"8,93%",,,,,,,,,,,,,,,,,
2024-12-19,신대지530,241025#,500,500,20,,"0,00%",,,,,,,,,,,,,,,,,
2024-12-19,패딩집,24664#,358,350,20,,"2,23%",,,,,,,,,,,,,,,,,
2024-12-19,패딩집,23949#,450,443,21,,"1,56%",,,,,,,,,,,,,,,,,
2024-12-19,커춘,241041#,400,393,9,,"1,75%",,,,,,,,,,,,,,,,,
2024-12-19,커춘,241042#,415,400,5,,"3,61%",,,,,,,,,,,,,,,,,
2024-12-19,커춘,24677#,400,398,22,,"0,50%",,,,,,,,,,,,,,,,,
2024-12-19,커춘,24679#,407,400,23,,"1,72%",,,,,,,,,,,,,,,,,
2024-12-19,커춘,24681#,300,290,12,,"3,33%",,,,,,,,,,,,,,,,,
2024-12-19,커춘,24682#,334,300,14,,"10,18%",,,,,,,,,,,,,,,,,
2024-12-19,커춘,24683#,400,390,19,,"2,50%",,,,,,,,,,,,,,,,,
2024-12-19,커춘,24694#,405,400,17,,"1,23%",,,,,,,,,,,,,,,,,
2024-12-19,커춘,241001#,522,400,25,,"23,37%",,,,,,,,,,,,,,,,,
2024-12-19,커춘,241029#,300,246,8,,"18,00%",,,,,,,,,,,,,,,,,
2024-12-19,커춘,241030#,300,270,17,,"10,00%",,,,,,,,,,,,,,,,,
2024-12-19,커춘,241031#,328,300,5,,"8,54%",,,,,,,,,,,,,,,,,
2024-12-19,커춘,241054#,400,393,8,,"1,75%",,,,,,,,,,,,,,,,,
2024-12-19,커춘,241044#,485,400,5,,"17,53%",,,,,,,,,,,,,,,,,
2024-12-19,지하78-1A,24691#,500,500,21,,"0,00%",,,,,,,,,,,,,,,,,
2024-12-19,지하78-1A,24693#,320,319,16,,"0,31%",,,,,,,,,,,,,,,,,
2024-12-19,지하78-1A,23924#,400,385,15,,"3,75%",,,,,,,,,,,,,,,,,
2024-12-19,지하78-1A,23907#,400,379,26,,"5,25%",,,,,,,,,,,,,,,,,
2024-12-19,지하78-1A,241050#,520,500,26,,"3,85%",,,,,,,,,,,,,,,,,
2024-12-19,판위왕,23954#,164,170,4,,"-3,66%",,,,,,,,,,,,,,,,,
2024-12-19,지하A55,003#,345,300,8,,"13,04%",,,,,,,,,,,,,,,,,
2024-12-19,지하A88-2,241009#,311,311,2,,"0,00%",,,,,,,,,,,,,,,,,
2024-12-19,D70,241010#,301,300,8,,"0,33%",,,,,,,,,,,,,,,,,
2024-12-19,D70,241011#,916,800,13,,"12,66%",,,,,,,,,,,,,,,,,
2024-12-19,신대지180,24676#,741,738,15,,"0,40%",,,,,,,,,,,,,,,,,
2024-12-19,신대지180,241004#,600,600,8,,"0,00%",,,,,,,,,,,,,,,,,
2024-12-19,신대지180,241005#,900,900,15,,"0,00%",,,,,,,,,,,,,,,,,
2024-12-19,신대지180,241008#,614,614,8,,"0,00%",,,,,,,,,,,,,,,,,
2024-12-19,신대지180,241051#,418,417,8,,"0,24%",,,,,,,,,,,,,,,,,
2024-12-19,신대지180,241052#,407,407,6,,"0,00%",,,,,,,,,,,,,,,,,
2024-12-19,신대지180,241057#,400,400,14,,"0,00%",,,,,,,,,,,,,,,,,
2024-12-19,신대지180,241058#,400,400,8,,"0,00%",,,,,,,,,,,,,,,,,
2024-12-19,신대지180,241060#,400,400,5,,"0,00%",,,,,,,,,,,,,,,,,
2024-12-19,YA,241016#,339,300,3,,"11,50%",,,,,,,,,,,,,,,,,
2024-12-19,YA,241017#,412,400,3,,"2,91%",,,,,,,,,,,,,,,,,
2024-12-19,YA,241019#,400,397,3,,"0,75%",,,,,,,,,,,,,,,,,
,,,,,,,,,,,,,,,,,,,,,,,,
,,,Total Pedidos,Total Llegados,Total Sacos,,,,,,,,,,,,,,,,,,,
,,,285774,277791,3826,,,,,,,,,,,,,,,,,,,
,,,,,,,,,,,,,,,,,,,,,,,,
,,,,Total L/P,Total P/S,,,,,,,,,,,,,,,,,,,
,,,,"2,79%","74,69",,,,,,,,,,,,,,,,,,,
,,,,,,,,,,,,,,,,,,,,,,,,
,,,,,,,,,,,,,,,,,,,,,,,,
,,,,,,,,,Total Sacos Contabilizados,Total Sacos No Contabilizados,,,,,,,,,,,,,,
,,,,,,,,,3.826,254,,,,,,,,,,,,,,
,,,,,,,,,,,,,,,,,,,,,,,,
,,,,,,,,,Total Prendas Pedidos,Total Prendas Recibidos,,,,,,,,,,,,,,
,,,,,,,,,285.774,277791,,,,,,,,,,,,,,
,,,,,,,,,,,,,,,,,,,,,,,,
,,,,,,,,,,Promedio Prendas R/P Por Codigo,,,,,,,,,,,,,,
,,,,,,,,,,"2,79%",,,,,,,,,,,,,,